{"Train/loss": 1.0422885417938232, "Train/accuracy": 0.6265625, "_runtime": 14, "_timestamp": 1630208901, "_step": 2, "_wandb": {"runtime": 16}}