{"Train/loss": 0.06379735991358756, "Train/accuracy": 0.9796875, "_runtime": 579, "_timestamp": 1630204626, "_step": 272, "table_key": {"_type": "table-file", "path": "media/table/table_key_271_c8a70130db30a2a02052.table.json", "sha256": "c8a70130db30a2a02052c150d6b7ead9b1931b2b2206b661d75bfc65fdfb8dbe", "size": 31721, "artifact_path": "wandb-client-artifact://pgsgf349olyx0h1gzz5h43drmfan5jkvw3voa4dtszpdr4rahbshdkozrn37nht7salgcnk7h9p7nz92b5uv7nmyufiylkl5lf1591yg48toi5s7wznq7ajyyf2mmfuu:latest/table_key.table.json", "_latest_artifact_path": "wandb-client-artifact://pgsgf349olyx0h1gzz5h43drmfan5jkvw3voa4dtszpdr4rahbshdkozrn37nht7salgcnk7h9p7nz92b5uv7nmyufiylkl5lf1591yg48toi5s7wznq7ajyyf2mmfuu:latest/table_key.table.json", "ncols": 2, "nrows": 3776}, "Val/loss": 0.18072178045887563, "Val/accuracy": 0.9396346306592533, "f1_score": 0.8967376503529647, "_wandb": {"runtime": 580}}