{"Train/loss": 0.11464519295841455, "Train/accuracy": 0.959375, "_runtime": 713, "_timestamp": 1630205840, "_step": 220, "table_key": {"_type": "table-file", "path": "media/table/table_key_219_77c2fefaa74b90db7a2a.table.json", "sha256": "77c2fefaa74b90db7a2ae59fffb735cc9e5125e060ce5d4196dce5bb345eaa00", "size": 31726, "artifact_path": "wandb-client-artifact://q4i1lw56cugz7s666kgdwevo4833zyq6rhanv2t9rjon6venp3fkzsikbc0w1siz5v7doptea6mnzrmyk712gbzp4tz6ytb1nrsj7r30bd79oqga2q6uigu5fuh4psey:latest/table_key.table.json", "_latest_artifact_path": "wandb-client-artifact://q4i1lw56cugz7s666kgdwevo4833zyq6rhanv2t9rjon6venp3fkzsikbc0w1siz5v7doptea6mnzrmyk712gbzp4tz6ytb1nrsj7r30bd79oqga2q6uigu5fuh4psey:latest/table_key.table.json", "ncols": 2, "nrows": 3776}, "Val/loss": 0.16691238957386212, "Val/accuracy": 0.9396346306592533, "f1_score": 0.8945318477650493, "_wandb": {"runtime": 714}}